{"Name":"Good Bonus (2)","Position":{"X":-21.65999984741211,"Y":0.0,"Z":-3.9188976287841799},"Scale":{"X":1.0,"Y":1.0,"Z":1.0},"Rotation":{"X":0.0,"Y":0.0,"Z":0.3826834261417389,"W":0.9238795638084412}}