{"Name":"Good Bonus (5)","Position":{"X":-15.72170639038086,"Y":0.0,"Z":-3.9188976287841799},"Scale":{"X":1.0,"Y":1.0,"Z":1.0},"Rotation":{"X":0.0,"Y":0.0,"Z":0.3826834261417389,"W":0.9238795638084412}}